filename,duration_s
1.mp3,59.57
2.mp3,67.25
3.mp3,55.08
4.mp3,66.12
5.mp3,47.3
6.mp3,53.74
7.mp3,89.3
8.mp3,264.46
9.mp3,149.33
10.mp3,135.62
11.mp3,132.02
12.mp3,132.5
13.mp3,198.65
14.mp3,155.64
15.mp3,215.78
16.mp3,149.11
17.mp3,113.81
18.mp3,206.47
19.mp3,65.76
20.mp3,94.75
21.mp3,59.23
22.mp3,216.0
23.mp3,227.78
24.mp3,121.63
25.mp3,282.17
26.mp3,143.06
27.mp3,215.78
28.mp3,62.06
29.mp3,68.81
30.mp3,177.74
31.mp3,156.74
32.mp3,163.13
33.mp3,234.65
34.mp3,234.36
35.mp3,234.02
36.mp3,93.29
37.mp3,146.98
38.mp3,176.14
39.mp3,50.42
40.mp3,254.28
41.mp3,258.65
42.mp3,234.5
43.mp3,225.19
44.mp3,119.93
45.mp3,262.85
46.mp3,198.07
47.mp3,192.41
48.mp3,78.53
49.mp3,174.77
50.mp3,73.08
51.mp3,192.22
52.mp3,220.18
53.mp3,38.02
54.mp3,103.3
55.mp3,139.87
56.mp3,217.18
57.mp3,135.77
58.mp3,107.83
59.mp3,187.2
60.mp3,223.87
61.mp3,162.43
62.mp3,124.85
63.mp3,83.54
64.mp3,176.18
65.mp3,79.54
66.mp3,132.41
67.mp3,132.72
68.mp3,62.52
69.mp3,159.65
70.mp3,111.24
71.mp3,88.15
72.mp3,58.92
73.mp3,49.49
74.mp3,46.37
75.mp3,44.69
76.mp3,58.01
77.mp3,64.61
78.mp3,51.34
79.mp3,176.54
80.mp3,221.98
81.mp3,210.43
82.mp3,130.37
83.mp3,101.57
84.mp3,249.05
85.mp3,242.47
86.mp3,212.09
87.mp3,289.03
88.mp3,224.71
89.mp3,99.61
90.mp3,232.61
91.mp3,232.8
92.mp3,249.05
93.mp3,314.59
94.mp3,297.94
95.mp3,227.26
96.mp3,307.2
97.mp3,231.36
98.mp3,241.27
99.mp3,227.26
100.mp3,257.33
101.mp3,245.57
102.mp3,277.32
103.mp3,334.18
